{"cameraMode":{"drawMode":0,"name":"Shaded","section":"Shading Mode"},"sceneLighting":true,"audioPlay":false,"sceneViewState":{"showFog":true,"showMaterialUpdate":false,"showSkybox":true,"showFlares":true,"showImageEffects":true,"showParticleSystems":true},"in2DMode":false,"pivot":{"x":381.6509094238281,"y":265.82696533203127,"z":130.16513061523438},"rotation":{"x":0.00434240885078907,"y":-0.26239001750946047,"z":0.0011804671958088875,"w":0.9649545550346375},"size":125.10032653808594,"orthographic":true}